<?xml version="1.0" encoding="iso-8859-1"?>
<Package Name="JclProjectAnalysisExpertDLL" Type="L">
  <Description>JCL Project Analyzer</Description>
  <GUID>{6E22E269-A58C-41B6-BB1C-57670E460887}</GUID>
  <C5PFlags>-LUvcl50 -LUdsnide50 -LUJclC50 -LUJclBaseExpertC50</C5PFlags>
  <C6PFlags>-LUdesignide</C6PFlags>
  <C5Libs/>
  <C6Libs/>
  <ImageBase>58060000</ImageBase>
  <Requires>
    <Package Name="rtl" Targets="WinLibSuffix" Condition=""/>
    <Package Name="vcl50" Targets="c5,d5" Condition=""/>
    <Package Name="vcl" Targets="WinLibSuffix" Condition=""/>
    <Package Name="dsnide50" Targets="c5,d5" Condition=""/>
    <Package Name="designide" Targets="WinLibSuffix" Condition=""/>
    <Package Name="Jcl" Targets="WinLibSuffix" Condition=""/>
    <Package Name="Jcl50" Targets="c5,d5" Condition=""/>
    <Package Name="JclBaseExpert-D" Targets="Windows" Condition=""/>
  </Requires>
  <Contains>
    <File Name="..\..\experts\projectanalyzer\ProjAnalyzerFrm.pas" Targets="Windows" Formname="ProjectAnalyzerForm" Condition=""/>
    <File Name="..\..\experts\projectanalyzer\ProjAnalyzerImpl.pas" Targets="Windows" Formname="" Condition=""/>
  </Contains>
</Package>
