<?xml version="1.0" encoding="iso-8859-1"?>
<Package Name="JclVcl" Design="0">
  <Description>JEDI Code Library VCL package</Description>
  <GUID>{EB88BAFD-FD11-4F14-A6F6-9036D67B1F8F}</GUID>
  <C5PFlags/>
  <C6PFlags/>
  <C5Libs/>
  <C6Libs/>
  <ImageBase>48400000</ImageBase>
  <Requires>
    <Package Name="rtl" Targets="WinLibSuffix" Condition=""/>
    <Package Name="vcl" Targets="WinLibSuffix" Condition=""/>
    <Package Name="vcljpg" Targets="WinLibSuffix" Condition=""/>
    <Package Name="Jcl" Targets="all" Condition=""/>
    <Package Name="vcl50" Targets="c5,d5" Condition=""/>
    <Package Name="vcljpg50" Targets="c5,d5" Condition=""/>
  </Requires>
  <Contains>
    <File Name="..\..\source\vcl\JclPrint.pas" Targets="Vcl" Formname="" Condition=""/>
    <File Name="..\..\source\vcl\JclGraphUtils.pas" Targets="Vcl" Formname="" Condition=""/>
    <File Name="..\..\source\vcl\JclGraphics.pas" Targets="Vcl" Formname="" Condition=""/>
    <File Name="..\..\source\vcl\JclFont.pas" Targets="Vcl" Formname="" Condition=""/>
  </Contains>
</Package>
